lat,lon,URL
,,https://en.wikipedia.org/wiki/American_Football_Conference
,,https://en.wikipedia.org/wiki/AFC_East
42.774,-78.787,https://en.wikipedia.org/wiki/Bills_Stadium
43.64139,-79.38917,https://en.wikipedia.org/wiki/Rogers_Centre
42.905,-78.856,https://en.wikipedia.org/wiki/War_Memorial_Stadium_(Buffalo)
25.95806,-80.23889,https://en.wikipedia.org/wiki/Hard_Rock_Stadium
25.778,-80.220,https://en.wikipedia.org/wiki/Miami_Orange_Bowl
42.091,-71.264,https://en.wikipedia.org/wiki/Gillette_Stadium
42.0927000,-71.2674417,https://en.wikipedia.org/wiki/Foxboro_Stadium
42.36639,-71.12722,https://en.wikipedia.org/wiki/Harvard_Stadium
42.33500,-71.16639,https://en.wikipedia.org/wiki/Alumni_Stadium
42.346250,-71.097750,https://en.wikipedia.org/wiki/Fenway_Park
42.353,-71.119,https://en.wikipedia.org/wiki/Nickerson_Field
40.813528,-74.074361,https://en.wikipedia.org/wiki/MetLife_Stadium
40.81222,-74.07694,https://en.wikipedia.org/wiki/Giants_Stadium
40.75556,-73.84806,https://en.wikipedia.org/wiki/Shea_Stadium
40.7981028,-73.9505194,https://en.wikipedia.org/wiki/Polo_Grounds
,,https://en.wikipedia.org/wiki/AFC_North
39.27806,-76.62278,https://en.wikipedia.org/wiki/M%26T_Bank_Stadium
39.32944,-76.60139,https://en.wikipedia.org/wiki/Memorial_Stadium_(Baltimore)
39.095,-84.516,https://en.wikipedia.org/wiki/Paul_Brown_Stadium
39.09667,-84.50833,https://en.wikipedia.org/wiki/Cinergy_Field
39.131,-84.516,https://en.wikipedia.org/wiki/Nippert_Stadium
41.50611,-81.69944,https://en.wikipedia.org/wiki/FirstEnergy_Stadium
41.50667,-81.69722,https://en.wikipedia.org/wiki/Cleveland_Stadium
40.44667,-80.01583,https://en.wikipedia.org/wiki/Heinz_Field
40.44667,-80.01278,https://en.wikipedia.org/wiki/Three_Rivers_Stadium
40.444,-79.962,https://en.wikipedia.org/wiki/Pitt_Stadium
40.44194,-79.95417,https://en.wikipedia.org/wiki/Forbes_Field
,,https://en.wikipedia.org/wiki/AFC_South
29.68472,-95.41083,https://en.wikipedia.org/wiki/NRG_Stadium
39.760056,-86.163806,https://en.wikipedia.org/wiki/Lucas_Oil_Stadium
39.76361,-86.16333,https://en.wikipedia.org/wiki/RCA_Dome
39.32944,-76.60139,https://en.wikipedia.org/wiki/Memorial_Stadium_(Baltimore)
30.32389,-81.63750,https://en.wikipedia.org/wiki/TIAA_Bank_Field
36.16639,-86.77139,https://en.wikipedia.org/wiki/Nissan_Stadium
36.14417,-86.80889,https://en.wikipedia.org/wiki/Vanderbilt_Stadium
35.12111,-89.97750,https://en.wikipedia.org/wiki/Liberty_Bowl_Memorial_Stadium
29.68500,-95.40778,https://en.wikipedia.org/wiki/Reliant_Astrodome
29.71639,-95.40917,https://en.wikipedia.org/wiki/Rice_Stadium_(Rice_University)
29.72194,-95.34917,https://en.wikipedia.org/wiki/Jeppesen_Stadium
,,https://en.wikipedia.org/wiki/AFC_West
39.74389,-105.02000,https://en.wikipedia.org/wiki/Empower_Field_at_Mile_High
39.74611,-105.02167,https://en.wikipedia.org/wiki/Mile_High_Stadium
39.04889,-94.48389,https://en.wikipedia.org/wiki/Arrowhead_Stadium
39.086,-94.558,https://en.wikipedia.org/wiki/Municipal_Stadium_(Kansas_City)
32.77972,-96.75972,https://en.wikipedia.org/wiki/Cotton_Bowl_(stadium)
36.09083,-115.18361,https://en.wikipedia.org/wiki/Allegiant_Stadium
37.75167,-122.20056,https://en.wikipedia.org/wiki/RingCentral_Coliseum
34.01417,-118.28778,https://en.wikipedia.org/wiki/Los_Angeles_Memorial_Coliseum
37.794,-122.263,https://en.wikipedia.org/wiki/Frank_Youell_Field
37.71361,-122.38611,https://en.wikipedia.org/wiki/Candlestick_Park
37.767,-122.456,https://en.wikipedia.org/wiki/Kezar_Stadium
33.95345,-118.3392,https://en.wikipedia.org/wiki/SoFi_Stadium
33.864,-118.261,https://en.wikipedia.org/wiki/Dignity_Health_Sports_Park
32.78306,-117.11944,https://en.wikipedia.org/wiki/SDCCU_Stadium
32.72083,-117.15056,https://en.wikipedia.org/wiki/Balboa_Stadium
34.01417,-118.28778,https://en.wikipedia.org/wiki/Los_Angeles_Memorial_Coliseum
,,https://en.wikipedia.org/wiki/National_Football_Conference
,,https://en.wikipedia.org/wiki/NFC_East
32.74778,-97.09278,https://en.wikipedia.org/wiki/AT%26T_Stadium
32.840,-96.911,https://en.wikipedia.org/wiki/Texas_Stadium
32.77972,-96.75972,https://en.wikipedia.org/wiki/Cotton_Bowl_(stadium)
40.813528,-74.074361,https://en.wikipedia.org/wiki/MetLife_Stadium
40.81222,-74.07694,https://en.wikipedia.org/wiki/Giants_Stadium
40.75556,-73.84806,https://en.wikipedia.org/wiki/Shea_Stadium
41.313,-72.960,https://en.wikipedia.org/wiki/Yale_Bowl
40.82694,-73.92806,https://en.wikipedia.org/wiki/Yankee_Stadium_(1923)
40.7981028,-73.9505194,https://en.wikipedia.org/wiki/Polo_Grounds
39.90083,-75.16750,https://en.wikipedia.org/wiki/Lincoln_Financial_Field
39.90667,-75.17111,https://en.wikipedia.org/wiki/Veterans_Stadium
39.950,-75.1900,https://en.wikipedia.org/wiki/Franklin_Field
39.99611,-75.16500,https://en.wikipedia.org/wiki/Connie_Mack_Stadium
39.9014,-75.1719,https://en.wikipedia.org/wiki/John_F._Kennedy_Stadium_(Philadelphia)
39.99306,-75.15583,https://en.wikipedia.org/wiki/Baker_Bowl
38.90778,-76.86444,https://en.wikipedia.org/wiki/FedExField
38.890,-76.972,https://en.wikipedia.org/wiki/Robert_F._Kennedy_Memorial_Stadium
38.91750,-77.02028,https://en.wikipedia.org/wiki/Griffith_Stadium
42.346250,-71.097750,https://en.wikipedia.org/wiki/Fenway_Park
42.353,-71.119,https://en.wikipedia.org/wiki/Braves_Field
,,https://en.wikipedia.org/wiki/NFC_North
41.8623,-87.6167,https://en.wikipedia.org/wiki/Soldier_Field
40.09917,-88.23583,https://en.wikipedia.org/wiki/Memorial_Stadium_(Champaign)
41.8623,-87.6167,https://en.wikipedia.org/wiki/Soldier_Field
41.948038,-87.65568,https://en.wikipedia.org/wiki/Wrigley_Field
39.84667,-88.92639,https://en.wikipedia.org/wiki/Staley_Field
42.34000,-83.04556,https://en.wikipedia.org/wiki/Ford_Field
42.64583,-83.25500,https://en.wikipedia.org/wiki/Pontiac_Silverdome
42.33194,-83.06889,https://en.wikipedia.org/wiki/Tiger_Stadium_(Detroit)
42.415766,-83.136613,https://en.wikipedia.org/wiki/University_of_Detroit_Stadium
38.72861,-82.97833,https://en.wikipedia.org/wiki/Universal_Stadium
44.50139,-88.06222,https://en.wikipedia.org/wiki/Lambeau_Field
43.030,-87.974,https://en.wikipedia.org/wiki/Milwaukee_County_Stadium
43.036,-87.961,https://en.wikipedia.org/wiki/Marquette_Stadium
43.02194,-88.01278,https://en.wikipedia.org/wiki/Wisconsin_State_Fair_Park
43.074,-87.9205,https://en.wikipedia.org/wiki/Borchert_Field
44.5075,-87.9925,https://en.wikipedia.org/wiki/City_Stadium_(Green_Bay)
44.50417,-87.98389,https://en.wikipedia.org/wiki/Bellevue_Park_(stadium)
44.50694,-87.992583,https://en.wikipedia.org/wiki/Hagemeister_Park
44.974,-93.258,https://en.wikipedia.org/wiki/U.S._Bank_Stadium
44.976,-93.225,https://en.wikipedia.org/wiki/TCF_Bank_Stadium
44.97389,-93.25806,https://en.wikipedia.org/wiki/Hubert_H._Humphrey_Metrodome
44.85444,-93.24194,https://en.wikipedia.org/wiki/Metropolitan_Stadium
,,https://en.wikipedia.org/wiki/NFC_South
33.75556,-84.40000,https://en.wikipedia.org/wiki/Mercedes-Benz_Stadium
33.758,-84.401,https://en.wikipedia.org/wiki/Georgia_Dome
33.739,-84.389,https://en.wikipedia.org/wiki/Atlanta%E2%80%93Fulton_County_Stadium
35.22583,-80.85278,https://en.wikipedia.org/wiki/Bank_of_America_Stadium
34.67861,-82.84306,https://en.wikipedia.org/wiki/Memorial_Stadium_(Clemson)
29.95083,-90.08111,https://en.wikipedia.org/wiki/Mercedes-Benz_Superdome
30.41194,-91.18556,https://en.wikipedia.org/wiki/Tiger_Stadium_(LSU)
29.41694,-98.47889,https://en.wikipedia.org/wiki/Alamodome
40.81222,-74.07694,https://en.wikipedia.org/wiki/Giants_Stadium
29.94278,-90.11750,https://en.wikipedia.org/wiki/Tulane_Stadium
27.97583,-82.50333,https://en.wikipedia.org/wiki/Raymond_James_Stadium
27.97889,-82.50361,https://en.wikipedia.org/wiki/Houlihan%27s_Stadium
,,https://en.wikipedia.org/wiki/NFC_West
33.528,-112.263,https://en.wikipedia.org/wiki/State_Farm_Stadium
33.42639,-111.93250,https://en.wikipedia.org/wiki/Sun_Devil_Stadium
38.62389,-90.19250,https://en.wikipedia.org/wiki/Busch_Memorial_Stadium
38.658,-90.220,https://en.wikipedia.org/wiki/Busch_Stadium_(I)
44.85444,-93.24194,https://en.wikipedia.org/wiki/Metropolitan_Stadium
41.8623,-87.6167,https://en.wikipedia.org/wiki/Soldier_Field
41.832,-87.634,https://en.wikipedia.org/wiki/Comiskey_Park
41.7814194,-87.6545389,https://en.wikipedia.org/wiki/Normal_Park
33.95345,-118.3392,https://en.wikipedia.org/wiki/SoFi_Stadium
34.01417,-118.28778,https://en.wikipedia.org/wiki/Los_Angeles_Memorial_Coliseum
38.63278,-90.18861,https://en.wikipedia.org/wiki/The_Dome_at_America%27s_Center
38.62389,-90.19250,https://en.wikipedia.org/wiki/Busch_Memorial_Stadium
33.80028,-117.88278,https://en.wikipedia.org/wiki/Anaheim_Stadium
41.51139,-81.64417,https://en.wikipedia.org/wiki/League_Park
41.50667,-81.69722,https://en.wikipedia.org/wiki/Cleveland_Stadium
41.5409,-81.5832,https://en.wikipedia.org/wiki/Shaw_Stadium
37.403,-121.970,https://en.wikipedia.org/wiki/Levi%27s_Stadium
37.71361,-122.38611,https://en.wikipedia.org/wiki/Candlestick_Park
37.767,-122.456,https://en.wikipedia.org/wiki/Kezar_Stadium
47.5952,-122.3316,https://en.wikipedia.org/wiki/CenturyLink_Field
47.65028,-122.30167,https://en.wikipedia.org/wiki/Husky_Stadium
47.59528,-122.33139,https://en.wikipedia.org/wiki/Kingdome
